run_id,date,git_commit,phase,data_start,data_end,params_json,win_rate,expectancy,sharpe,sortino,max_drawdown,notes
1,2026-08-10T22:24:42.227586+00:00,9695f8f,phase4_model_training,2025-09-01,2026-04-30,"{""symbols"": [""AAPL"", ""MSFT"", ""AMZN"", ""GOOGL"", ""NVDA"", ""JPM"", ""WMT"", ""XOM""], ""n_folds"": 5, ""embargo_days"": 4, ""probability_threshold"": 0.5, ""barrier_config"": {""profit_target_pct"": 0.02, ""stop_loss_pct"": 0.01, ""max_holding_bars"": 1170}}",0.35179444005165167,0.0013252912828423994,52.76910456287095,nan,-1.0,"Phase 4 walk-forward aggregate OOS metrics (signal-level, not the Phase 5 backtester)."
2,2026-08-10T22:26:53.039990+00:00,9695f8f,phase4_model_training,2025-09-01,2026-04-30,"{""symbols"": [""AAPL"", ""MSFT"", ""AMZN"", ""GOOGL"", ""NVDA"", ""JPM"", ""WMT"", ""XOM""], ""n_folds"": 5, ""embargo_days"": 4, ""probability_threshold"": 0.5, ""barrier_config"": {""profit_target_pct"": 0.02, ""stop_loss_pct"": 0.01, ""max_holding_bars"": 1170}}",0.35179444005165167,0.0013252912828423994,2.796918975883973,nan,-0.040321739042953775,"Phase 4 walk-forward aggregate OOS metrics (signal-level, not the Phase 5 backtester)."
3,2026-08-10T22:27:35.580100+00:00,9695f8f,phase4_model_training,2025-09-01,2026-04-30,"{""symbols"": [""AAPL"", ""MSFT"", ""AMZN"", ""GOOGL"", ""NVDA"", ""JPM"", ""WMT"", ""XOM""], ""n_folds"": 5, ""embargo_days"": 4, ""probability_threshold"": 0.5, ""barrier_config"": {""profit_target_pct"": 0.02, ""stop_loss_pct"": 0.01, ""max_holding_bars"": 1170}}",0.35179444005165167,0.0013252912828423994,2.796918975883973,nan,-0.040321739042953775,"Phase 4 walk-forward aggregate OOS metrics (signal-level, not the Phase 5 backtester)."
4,2026-08-10T22:43:11.548815+00:00,b6d33b5,phase5_backtest,2025-09-01,2026-04-30,"{""symbols"": [""AAPL"", ""MSFT"", ""AMZN"", ""GOOGL"", ""NVDA"", ""JPM"", ""WMT"", ""XOM""], ""n_folds"": 5, ""embargo_days"": 4, ""starting_equity"": 10000.0, ""fill_config"": {""order_type"": ""market"", ""slippage_bps"": 5.0, ""latency_bars"": 0}, ""risk_config"": {""risk_per_trade_pct"": 0.01, ""max_position_fraction"": 0.25, ""daily_loss_limit_pct"": 0.02, ""max_drawdown_pct"": 0.1, ""pdt_equity_threshold"": 25000.0}}",0.34782608695652173,-0.0004193424104198426,-0.2969369377323845,-0.33760204033313107,-0.06924070371574598,Phase 5 event-driven backtest over Phase 4's exact OOS walk-forward periods.
5,2026-08-11T01:24:06.756702+00:00,be5a54b,phase4_model_training,2025-03-01,2026-04-30,"{""symbols"": [""AAPL"", ""MSFT"", ""AMZN"", ""GOOGL"", ""META"", ""NVDA"", ""TSLA"", ""JPM"", ""V"", ""WMT"", ""UNH"", ""XOM"", ""JNJ"", ""PG"", ""HD"", ""MA"", ""BAC"", ""DIS"", ""NFLX"", ""AMD"", ""INTC"", ""CSCO"", ""PFE"", ""KO"", ""PEP"", ""CRM"", ""ADBE"", ""QCOM"", ""COST"", ""ORCL""], ""n_folds"": 5, ""embargo_days"": 4, ""probability_threshold"": 0.5, ""barrier_config"": {""profit_target_pct"": 0.02, ""stop_loss_pct"": 0.01, ""max_holding_bars"": 1170}}",0.33316900139907873,0.0008215854713558342,3.1113035536274127,nan,-0.05964389835499573,"Phase 4 walk-forward aggregate OOS metrics (signal-level, not the Phase 5 backtester)."
6,2026-08-11T01:27:16.292937+00:00,be5a54b,phase5_backtest,2025-03-01,2026-04-30,"{""symbols"": [""AAPL"", ""MSFT"", ""AMZN"", ""GOOGL"", ""META"", ""NVDA"", ""TSLA"", ""JPM"", ""V"", ""WMT"", ""UNH"", ""XOM"", ""JNJ"", ""PG"", ""HD"", ""MA"", ""BAC"", ""DIS"", ""NFLX"", ""AMD"", ""INTC"", ""CSCO"", ""PFE"", ""KO"", ""PEP"", ""CRM"", ""ADBE"", ""QCOM"", ""COST"", ""ORCL""], ""n_folds"": 5, ""embargo_days"": 4, ""starting_equity"": 10000.0, ""fill_config"": {""order_type"": ""market"", ""slippage_bps"": 5.0, ""latency_bars"": 0}, ""risk_config"": {""risk_per_trade_pct"": 0.01, ""max_position_fraction"": 0.25, ""daily_loss_limit_pct"": 0.02, ""max_drawdown_pct"": 0.1, ""pdt_equity_threshold"": 25000.0}}",0.3903225806451613,0.0007836049501401042,1.1241024766278522,1.4117253830952596,-0.0370290421646301,Phase 5 event-driven backtest over Phase 4's exact OOS walk-forward periods.
7,2026-08-11T01:32:45.990060+00:00,be5a54b,phase5_backtest,2025-03-01,2026-04-30,"{""symbols"": [""AAPL"", ""MSFT"", ""AMZN"", ""GOOGL"", ""META"", ""NVDA"", ""TSLA"", ""JPM"", ""V"", ""WMT"", ""UNH"", ""XOM"", ""JNJ"", ""PG"", ""HD"", ""MA"", ""BAC"", ""DIS"", ""NFLX"", ""AMD"", ""INTC"", ""CSCO"", ""PFE"", ""KO"", ""PEP"", ""CRM"", ""ADBE"", ""QCOM"", ""COST"", ""ORCL""], ""n_folds"": 5, ""embargo_days"": 4, ""starting_equity"": 10000.0, ""fill_config"": {""order_type"": ""market"", ""slippage_bps"": 5.0, ""latency_bars"": 0}, ""risk_config"": {""risk_per_trade_pct"": 0.01, ""max_position_fraction"": 0.25, ""daily_loss_limit_pct"": 0.02, ""max_drawdown_pct"": 0.1, ""pdt_equity_threshold"": 25000.0}}",0.3903225806451613,0.0007836049501401042,1.1241024766278522,1.4117253830952596,-0.0370290421646301,Phase 5 event-driven backtest over Phase 4's exact OOS walk-forward periods.
8,2026-08-11T02:50:14.484060+00:00,264445b,phase4_model_training,2025-03-01,2026-04-30,"{""symbols"": [""AAPL"", ""MSFT"", ""AMZN"", ""GOOGL"", ""META"", ""NVDA"", ""TSLA"", ""JPM"", ""V"", ""WMT"", ""UNH"", ""XOM"", ""JNJ"", ""PG"", ""HD"", ""MA"", ""BAC"", ""DIS"", ""NFLX"", ""AMD"", ""INTC"", ""CSCO"", ""PFE"", ""KO"", ""PEP"", ""CRM"", ""ADBE"", ""QCOM"", ""COST"", ""ORCL""], ""n_folds"": 5, ""embargo_days"": 4, ""probability_threshold"": 0.5, ""barrier_config"": {""profit_target_pct"": 0.02, ""stop_loss_pct"": 0.01, ""max_holding_bars"": 390}}",0.252697171874124,0.0006495688459990376,2.810348269512649,nan,-0.03882901893587931,"Phase 4 walk-forward aggregate OOS metrics (signal-level, not the Phase 5 backtester)."
9,2026-08-11T02:52:40.993828+00:00,264445b,phase5_backtest,2025-03-01,2026-04-30,"{""symbols"": [""AAPL"", ""MSFT"", ""AMZN"", ""GOOGL"", ""META"", ""NVDA"", ""TSLA"", ""JPM"", ""V"", ""WMT"", ""UNH"", ""XOM"", ""JNJ"", ""PG"", ""HD"", ""MA"", ""BAC"", ""DIS"", ""NFLX"", ""AMD"", ""INTC"", ""CSCO"", ""PFE"", ""KO"", ""PEP"", ""CRM"", ""ADBE"", ""QCOM"", ""COST"", ""ORCL""], ""n_folds"": 5, ""embargo_days"": 4, ""starting_equity"": 10000.0, ""fill_config"": {""order_type"": ""market"", ""slippage_bps"": 5.0, ""latency_bars"": 0}, ""risk_config"": {""risk_per_trade_pct"": 0.01, ""max_position_fraction"": 0.25, ""daily_loss_limit_pct"": 0.02, ""max_drawdown_pct"": 0.1, ""pdt_equity_threshold"": 25000.0}}",0.3687707641196013,-0.0008424731997078621,-0.8305411610991233,-0.7674568553877389,-0.07139706217657416,Phase 5 event-driven backtest over Phase 4's exact OOS walk-forward periods.
